{
  "Total" : {
    "transaction" : "Total",
    "sampleCount" : 60,
    "errorCount" : 0,
    "errorPct" : 0.0,
    "meanResTime" : 40281.33333333332,
    "medianResTime" : 40847.0,
    "minResTime" : 20960.0,
    "maxResTime" : 49972.0,
    "pct1ResTime" : 47726.1,
    "pct2ResTime" : 49393.5,
    "pct3ResTime" : 49972.0,
    "throughput" : 0.43365134431916735,
    "receivedKBytesPerSec" : 4337.9396013456735,
    "sentKBytesPerSec" : 0.06860499783174327
  },
  "HTTP Request" : {
    "transaction" : "HTTP Request",
    "sampleCount" : 60,
    "errorCount" : 0,
    "errorPct" : 0.0,
    "meanResTime" : 40281.33333333332,
    "medianResTime" : 40847.0,
    "minResTime" : 20960.0,
    "maxResTime" : 49972.0,
    "pct1ResTime" : 47726.1,
    "pct2ResTime" : 49393.5,
    "pct3ResTime" : 49972.0,
    "throughput" : 0.43365134431916735,
    "receivedKBytesPerSec" : 4337.9396013456735,
    "sentKBytesPerSec" : 0.06860499783174327
  }
}