{
  "Total" : {
    "transaction" : "Total",
    "sampleCount" : 60,
    "errorCount" : 0,
    "errorPct" : 0.0,
    "meanResTime" : 15887.516666666661,
    "medianResTime" : 16710.0,
    "minResTime" : 9845.0,
    "maxResTime" : 21472.0,
    "pct1ResTime" : 19455.7,
    "pct2ResTime" : 19761.25,
    "pct3ResTime" : 21472.0,
    "throughput" : 1.1010184420589044,
    "receivedKBytesPerSec" : 4015.2834405679423,
    "sentKBytesPerSec" : 0.17418455821635012
  },
  "HTTP Request" : {
    "transaction" : "HTTP Request",
    "sampleCount" : 60,
    "errorCount" : 0,
    "errorPct" : 0.0,
    "meanResTime" : 15887.516666666661,
    "medianResTime" : 16710.0,
    "minResTime" : 9845.0,
    "maxResTime" : 21472.0,
    "pct1ResTime" : 19455.7,
    "pct2ResTime" : 19761.25,
    "pct3ResTime" : 21472.0,
    "throughput" : 1.1010184420589044,
    "receivedKBytesPerSec" : 4015.2834405679423,
    "sentKBytesPerSec" : 0.17418455821635012
  }
}