{
  "Total" : {
    "transaction" : "Total",
    "sampleCount" : 3750,
    "errorCount" : 3566,
    "errorPct" : 95.09333,
    "meanResTime" : 48197.088800000005,
    "medianResTime" : 46623.0,
    "minResTime" : 24560.0,
    "maxResTime" : 63414.0,
    "pct1ResTime" : 60399.0,
    "pct2ResTime" : 60422.0,
    "pct3ResTime" : 60776.889999999985,
    "throughput" : 4.653488813633357,
    "receivedKBytesPerSec" : 836.3197707757336,
    "sentKBytesPerSec" : 0.7361964724693397
  },
  "HTTP Request" : {
    "transaction" : "HTTP Request",
    "sampleCount" : 3750,
    "errorCount" : 3566,
    "errorPct" : 95.09333,
    "meanResTime" : 48197.088800000005,
    "medianResTime" : 46623.0,
    "minResTime" : 24560.0,
    "maxResTime" : 63414.0,
    "pct1ResTime" : 60399.0,
    "pct2ResTime" : 60422.0,
    "pct3ResTime" : 60776.889999999985,
    "throughput" : 4.653488813633357,
    "receivedKBytesPerSec" : 836.3197707757336,
    "sentKBytesPerSec" : 0.7361964724693397
  }
}