{
  "Total" : {
    "transaction" : "Total",
    "sampleCount" : 3750,
    "errorCount" : 1207,
    "errorPct" : 32.18667,
    "meanResTime" : 30851.470133333354,
    "medianResTime" : 32576.5,
    "minResTime" : 1025.0,
    "maxResTime" : 60707.0,
    "pct1ResTime" : 42917.5,
    "pct2ResTime" : 50528.95,
    "pct3ResTime" : 60140.0,
    "throughput" : 7.277017625906959,
    "receivedKBytesPerSec" : 1971.8845412313392,
    "sentKBytesPerSec" : 1.2009921667756602
  },
  "HTTP Request" : {
    "transaction" : "HTTP Request",
    "sampleCount" : 3750,
    "errorCount" : 1207,
    "errorPct" : 32.18667,
    "meanResTime" : 30851.470133333354,
    "medianResTime" : 32576.5,
    "minResTime" : 1025.0,
    "maxResTime" : 60707.0,
    "pct1ResTime" : 42917.5,
    "pct2ResTime" : 50528.95,
    "pct3ResTime" : 60140.0,
    "throughput" : 7.277017625906959,
    "receivedKBytesPerSec" : 1971.8845412313392,
    "sentKBytesPerSec" : 1.2009921667756602
  }
}