{
  "Total" : {
    "transaction" : "Total",
    "sampleCount" : 60,
    "errorCount" : 0,
    "errorPct" : 0.0,
    "meanResTime" : 3672.45,
    "medianResTime" : 3674.5,
    "minResTime" : 1316.0,
    "maxResTime" : 6090.0,
    "pct1ResTime" : 4577.5,
    "pct2ResTime" : 5769.499999999996,
    "pct3ResTime" : 6090.0,
    "throughput" : 4.36871996505024,
    "receivedKBytesPerSec" : 1743.986752766856,
    "sentKBytesPerSec" : 0.7210094473569244
  },
  "HTTP Request" : {
    "transaction" : "HTTP Request",
    "sampleCount" : 60,
    "errorCount" : 0,
    "errorPct" : 0.0,
    "meanResTime" : 3672.45,
    "medianResTime" : 3674.5,
    "minResTime" : 1316.0,
    "maxResTime" : 6090.0,
    "pct1ResTime" : 4577.5,
    "pct2ResTime" : 5769.499999999996,
    "pct3ResTime" : 6090.0,
    "throughput" : 4.36871996505024,
    "receivedKBytesPerSec" : 1743.986752766856,
    "sentKBytesPerSec" : 0.7210094473569244
  }
}