{
  "Total" : {
    "transaction" : "Total",
    "sampleCount" : 60,
    "errorCount" : 0,
    "errorPct" : 0.0,
    "meanResTime" : 2666.750000000001,
    "medianResTime" : 2479.0,
    "minResTime" : 1441.0,
    "maxResTime" : 4803.0,
    "pct1ResTime" : 4521.0,
    "pct2ResTime" : 4713.3,
    "pct3ResTime" : 4803.0,
    "throughput" : 5.489478499542543,
    "receivedKBytesPerSec" : 1105.563457799634,
    "sentKBytesPerSec" : 0.9059783851784081
  },
  "HTTP Request" : {
    "transaction" : "HTTP Request",
    "sampleCount" : 60,
    "errorCount" : 0,
    "errorPct" : 0.0,
    "meanResTime" : 2666.750000000001,
    "medianResTime" : 2479.0,
    "minResTime" : 1441.0,
    "maxResTime" : 4803.0,
    "pct1ResTime" : 4521.0,
    "pct2ResTime" : 4713.3,
    "pct3ResTime" : 4803.0,
    "throughput" : 5.489478499542543,
    "receivedKBytesPerSec" : 1105.563457799634,
    "sentKBytesPerSec" : 0.9059783851784081
  }
}